Time,Baseline,DR
6/25/19 0:00,1630,1620
6/25/19 0:01,1604,1620
6/25/19 0:02,1617,1601
6/25/19 0:03,1604,1616
6/25/19 0:04,1610,1604
6/25/19 0:05,1607,1618
6/25/19 0:06,1609,1596
6/25/19 0:07,1609,1619
6/25/19 0:08,1612,1602
6/25/19 0:09,1600,1616
6/25/19 0:10,1612,1597
6/25/19 0:11,1604,1621
6/25/19 0:12,1609,1596
6/25/19 0:13,1608,1618
6/25/19 0:14,1608,1594
6/25/19 0:15,1598,1617
6/25/19 0:16,1614,1602
6/25/19 0:17,1604,1616
6/25/19 0:18,1608,1596
6/25/19 0:19,1606,1619
6/25/19 0:20,1608,1596
6/25/19 0:21,1599,1615
6/25/19 0:22,1612,1599
6/25/19 0:23,1603,1620
6/25/19 0:24,1605,1595
6/25/19 0:25,1606,1618
6/25/19 0:26,1607,1598
6/25/19 0:27,1604,1615
6/25/19 0:28,1612,1600
6/25/19 0:29,1601,1613
6/25/19 0:30,1604,1597
6/25/19 0:31,1605,1620
6/25/19 0:32,1612,1595
6/25/19 0:33,1598,1615
6/25/19 0:34,1609,1598
6/25/19 0:35,1600,1616
6/25/19 0:36,1608,1598
6/25/19 0:37,1608,1618
6/25/19 0:38,1607,1597
6/25/19 0:39,1598,1614
6/25/19 0:40,1608,1598
6/25/19 0:41,1603,1616
6/25/19 0:42,1609,1596
6/25/19 0:43,1603,1613
6/25/19 0:44,1606,1596
6/25/19 0:45,1598,1615
6/25/19 0:46,1612,1602
6/25/19 0:47,1602,1613
6/25/19 0:48,1602,1593
6/25/19 0:49,1604,1613
6/25/19 0:50,1609,1596
6/25/19 0:51,1600,1617
6/25/19 0:52,1612,1601
6/25/19 0:53,1599,1612
6/25/19 0:54,1603,1594
6/25/19 0:55,1600,1614
6/25/19 0:56,1611,1597
6/25/19 0:57,1601,1614
6/25/19 0:58,1608,1595
6/25/19 0:59,1598,1615
6/25/19 1:00,1605,1596
6/25/19 1:01,1600,1613
6/25/19 1:02,1601,1586
6/25/19 1:03,1593,1607
6/25/19 1:04,1601,1585
6/25/19 1:05,1593,1605
6/25/19 1:06,1601,1589
6/25/19 1:07,1597,1606
6/25/19 1:08,1599,1586
6/25/19 1:09,1592,1607
6/25/19 1:10,1600,1586
6/25/19 1:11,1597,1610
6/25/19 1:12,1599,1586
6/25/19 1:13,1594,1605
6/25/19 1:14,1600,1584
6/25/19 1:15,1593,1606
6/25/19 1:16,1598,1587
6/25/19 1:17,1597,1607
6/25/19 1:18,1598,1586
6/25/19 1:19,1592,1607
6/25/19 1:20,1599,1585
6/25/19 1:21,1591,1606
6/25/19 1:22,1603,1587
6/25/19 1:23,1592,1605
6/25/19 1:24,1598,1588
6/25/19 1:25,1591,1604
6/25/19 1:26,1600,1586
6/25/19 1:27,1590,1605
6/25/19 1:28,1602,1588
6/25/19 1:29,1592,1604
6/25/19 1:30,1597,1586
6/25/19 1:31,1593,1605
6/25/19 1:32,1601,1585
6/25/19 1:33,1589,1607
6/25/19 1:34,1600,1590
6/25/19 1:35,1591,1604
6/25/19 1:36,1599,1586
6/25/19 1:37,1592,1605
6/25/19 1:38,1598,1584
6/25/19 1:39,1589,1605
6/25/19 1:40,1600,1587
6/25/19 1:41,1594,1606
6/25/19 1:42,1597,1586
6/25/19 1:43,1591,1605
6/25/19 1:44,1598,1586
6/25/19 1:45,1591,1605
6/25/19 1:46,1599,1584
6/25/19 1:47,1593,1606
6/25/19 1:48,1598,1587
6/25/19 1:49,1589,1602
6/25/19 1:50,1599,1584
6/25/19 1:51,1592,1607
6/25/19 1:52,1598,1585
6/25/19 1:53,1590,1603
6/25/19 1:54,1600,1585
6/25/19 1:55,1590,1606
6/25/19 1:56,1597,1584
6/25/19 1:57,1592,1602
6/25/19 1:58,1598,1585
6/25/19 1:59,1590,1601
6/25/19 2:00,1597,1583
6/25/19 2:01,1586,1606
6/25/19 2:02,1605,1584
6/25/19 2:03,1587,1601
6/25/19 2:04,1593,1583
6/25/19 2:05,1588,1602
6/25/19 2:06,1600,1583
6/25/19 2:07,1582,1601
6/25/19 2:08,1597,1581
6/25/19 2:09,1589,1602
6/25/19 2:10,1598,1583
6/25/19 2:11,1585,1601
6/25/19 2:12,1598,1579
6/25/19 2:13,1583,1600
6/25/19 2:14,1598,1582
6/25/19 2:15,1586,1596
6/25/19 2:16,1592,1582
6/25/19 2:17,1587,1600
6/25/19 2:18,1600,1582
6/25/19 2:19,1582,1598
6/25/19 2:20,1596,1582
6/25/19 2:21,1587,1599
6/25/19 2:22,1598,1583
6/25/19 2:23,1583,1597
6/25/19 2:24,1595,1578
6/25/19 2:25,1584,1601
6/25/19 2:26,1597,1582
6/25/19 2:27,1585,1596
6/25/19 2:28,1592,1581
6/25/19 2:29,1586,1600
6/25/19 2:30,1600,1580
6/25/19 2:31,1581,1599
6/25/19 2:32,1596,1580
6/25/19 2:33,1587,1600
6/25/19 2:34,1595,1581
6/25/19 2:35,1582,1598
6/25/19 2:36,1591,1577
6/25/19 2:37,1584,1600
6/25/19 2:38,1593,1580
6/25/19 2:39,1582,1592
6/25/19 2:40,1591,1578
6/25/19 2:41,1579,1597
6/25/19 2:42,1594,1578
6/25/19 2:43,1577,1596
6/25/19 2:44,1590,1574
6/25/19 2:45,1581,1593
6/25/19 2:46,1590,1580
6/25/19 2:47,1572,1588
6/25/19 2:48,1580,1567
6/25/19 2:49,1571,1588
6/25/19 2:50,1579,1569
6/25/19 2:51,1565,1581
6/25/19 2:52,1570,1564
6/25/19 2:53,1555,1582
6/25/19 2:54,1569,1559
6/25/19 2:55,1546,1568
6/25/19 2:56,1559,1552
6/25/19 2:57,1548,1560
6/25/19 2:58,1554,1548
6/25/19 2:59,1538,1561
6/25/19 3:00,1565,1553
6/25/19 3:01,1655,1675
6/25/19 3:02,1639,1627
6/25/19 3:03,1570,1583
6/25/19 3:04,1583,1569
6/25/19 3:05,1607,1626
6/25/19 3:06,1605,1590
6/25/19 3:07,1609,1624
6/25/19 3:08,1593,1585
6/25/19 3:09,1607,1624
6/25/19 3:10,1609,1597
6/25/19 3:11,1595,1616
6/25/19 3:12,1609,1598
6/25/19 3:13,1607,1623
6/25/19 3:14,1596,1590
6/25/19 3:15,1609,1627
6/25/19 3:16,1609,1598
6/25/19 3:17,1600,1621
6/25/19 3:18,1611,1606
6/25/19 3:19,1610,1631
6/25/19 3:20,1598,1596
6/25/19 3:21,1614,1637
6/25/19 3:22,1611,1606
6/25/19 3:23,1601,1628
6/25/19 3:24,1615,1607
6/25/19 3:25,1611,1634
6/25/19 3:26,1603,1600
6/25/19 3:27,1621,1638
6/25/19 3:28,1619,1606
6/25/19 3:29,1608,1628
6/25/19 3:30,1621,1611
6/25/19 3:31,1615,1638
6/25/19 3:32,1611,1602
6/25/19 3:33,1623,1641
6/25/19 3:34,1617,1609
6/25/19 3:35,1606,1627
6/25/19 3:36,1619,1611
6/25/19 3:37,1623,1641
6/25/19 3:38,1609,1603
6/25/19 3:39,1624,1640
6/25/19 3:40,1611,1608
6/25/19 3:41,1613,1629
6/25/19 3:42,1620,1614
6/25/19 3:43,1622,1643
6/25/19 3:44,1606,1600
6/25/19 3:45,1624,1640
6/25/19 3:46,1614,1615
6/25/19 3:47,1616,1631
6/25/19 3:48,1622,1616
6/25/19 3:49,1618,1638
6/25/19 3:50,1610,1603
6/25/19 3:51,1630,1647
6/25/19 3:52,1614,1610
6/25/19 3:53,1619,1629
6/25/19 3:54,1617,1615
6/25/19 3:55,1623,1640
6/25/19 3:56,1614,1605
6/25/19 3:57,1627,1649
6/25/19 3:58,1614,1613
6/25/19 3:59,1623,1633
6/25/19 4:00,1591,1593
6/25/19 4:01,1524,1532
6/25/19 4:02,1516,1527
6/25/19 4:03,1515,1528
6/25/19 4:04,1517,1523
6/25/19 4:05,1511,1524
6/25/19 4:06,1519,1526
6/25/19 4:07,1515,1521
6/25/19 4:08,1522,1523
6/25/19 4:09,1519,1523
6/25/19 4:10,1525,1525
6/25/19 4:11,1520,1523
6/25/19 4:12,1525,1524
6/25/19 4:13,1515,1522
6/25/19 4:14,1520,1519
6/25/19 4:15,1515,1519
6/25/19 4:16,1518,1515
6/25/19 4:17,1513,1513
6/25/19 4:18,1518,1520
6/25/19 4:19,1514,1517
6/25/19 4:20,1514,1514
6/25/19 4:21,1512,1516
6/25/19 4:22,1505,1510
6/25/19 4:23,1498,1500
6/25/19 4:24,1501,1504
6/25/19 4:25,1495,1500
6/25/19 4:26,1490,1495
6/25/19 4:27,1483,1485
6/25/19 4:28,1485,1482
6/25/19 4:29,1475,1480
6/25/19 4:30,1481,1483
6/25/19 4:31,1482,1480
6/25/19 4:32,1478,1476
6/25/19 4:33,1481,1483
6/25/19 4:34,1481,1480
6/25/19 4:35,1477,1478
6/25/19 4:36,1483,1481
6/25/19 4:37,1478,1479
6/25/19 4:38,1479,1483
6/25/19 4:39,1482,1488
6/25/19 4:40,1485,1486
6/25/19 4:41,1476,1484
6/25/19 4:42,1483,1488
6/25/19 4:43,1488,1489
6/25/19 4:44,1482,1488
6/25/19 4:45,1482,1497
6/25/19 4:46,1486,1492
6/25/19 4:47,1485,1490
6/25/19 4:48,1490,1493
6/25/19 4:49,1487,1491
6/25/19 4:50,1495,1499
6/25/19 4:51,1498,1508
6/25/19 4:52,1501,1516
6/25/19 4:53,1515,1517
6/25/19 4:54,1514,1525
6/25/19 4:55,1523,1524
6/25/19 4:56,1521,1521
6/25/19 4:57,1524,1525
6/25/19 4:58,1530,1530
6/25/19 4:59,1524,1523
6/25/19 5:00,1528,1527
6/25/19 5:01,1580,1583
6/25/19 5:02,1774,1781
6/25/19 5:03,1723,1727
6/25/19 5:04,1630,1620
6/25/19 5:05,1572,1575
6/25/19 5:06,1654,1671
6/25/19 5:07,1674,1669
6/25/19 5:08,1671,1675
6/25/19 5:09,1636,1644
6/25/19 5:10,1708,1711
6/25/19 5:11,1638,1645
6/25/19 5:12,1698,1703
6/25/19 5:13,1678,1681
6/25/19 5:14,1688,1695
6/25/19 5:15,1657,1671
6/25/19 5:16,1745,1740
6/25/19 5:17,1654,1669
6/25/19 5:18,1705,1714
6/25/19 5:19,1712,1712
6/25/19 5:20,1703,1709
6/25/19 5:21,1668,1680
6/25/19 5:22,1749,1752
6/25/19 5:23,1674,1682
6/25/19 5:24,1721,1727
6/25/19 5:25,1719,1720
6/25/19 5:26,1714,1724
6/25/19 5:27,1687,1691
6/25/19 5:28,1795,1831
6/25/19 5:29,1753,1759
6/25/19 5:30,1802,1809
6/25/19 5:31,1790,1790
6/25/19 5:32,1788,1792
6/25/19 5:33,1766,1769
6/25/19 5:34,1832,1829
6/25/19 5:35,1746,1758
6/25/19 5:36,1813,1812
6/25/19 5:37,1816,1809
6/25/19 5:38,1808,1829
6/25/19 5:39,1796,1803
6/25/19 5:40,1867,1862
6/25/19 5:41,1787,1801
6/25/19 5:42,1839,1845
6/25/19 5:43,1832,1834
6/25/19 5:44,1826,1838
6/25/19 5:45,1812,1821
6/25/19 5:46,1871,1867
6/25/19 5:47,1797,1804
6/25/19 5:48,1851,1851
6/25/19 5:49,1837,1836
6/25/19 5:50,1834,1849
6/25/19 5:51,1811,1821
6/25/19 5:52,1879,1869
6/25/19 5:53,1808,1817
6/25/19 5:54,1853,1858
6/25/19 5:55,1843,1842
6/25/19 5:56,1845,1856
6/25/19 5:57,1832,1828
6/25/19 5:58,1867,1876
6/25/19 5:59,1829,1834
6/25/19 6:00,1852,1861
6/25/19 6:01,1829,1834
6/25/19 6:02,1833,1837
6/25/19 6:03,1818,1826
6/25/19 6:04,1856,1848
6/25/19 6:05,1814,1831
6/25/19 6:06,1846,1846
6/25/19 6:07,1831,1839
6/25/19 6:08,1852,1850
6/25/19 6:09,1828,1832
6/25/19 6:10,1858,1862
6/25/19 6:11,1828,1842
6/25/19 6:12,1855,1846
6/25/19 6:13,1845,1858
6/25/19 6:14,1845,1847
6/25/19 6:15,1843,1855
6/25/19 6:16,1863,1864
6/25/19 6:17,1833,1839
6/25/19 6:18,1873,1873
6/25/19 6:19,1847,1855
6/25/19 6:20,1873,1876
6/25/19 6:21,1851,1864
6/25/19 6:22,1894,1887
6/25/19 6:23,1852,1862
6/25/19 6:24,1923,1917
6/25/19 6:25,1893,1903
6/25/19 6:26,1920,1923
6/25/19 6:27,1926,1920
6/25/19 6:28,1944,1953
6/25/19 6:29,1916,1924
6/25/19 6:30,1952,1956
6/25/19 6:31,1929,1937
6/25/19 6:32,1956,1965
6/25/19 6:33,1931,1938
6/25/19 6:34,1962,1970
6/25/19 6:35,1937,1943
6/25/19 6:36,1968,1972
6/25/19 6:37,1940,1948
6/25/19 6:38,1963,1974
6/25/19 6:39,1946,1951
6/25/19 6:40,1977,1983
6/25/19 6:41,1950,1964
6/25/19 6:42,1982,1980
6/25/19 6:43,1961,1963
6/25/19 6:44,1993,2000
6/25/19 6:45,1985,1991
6/25/19 6:46,2006,2019
6/25/19 6:47,2001,2008
6/25/19 6:48,2030,2026
6/25/19 6:49,2010,2019
6/25/19 6:50,2024,2036
6/25/19 6:51,2029,2037
6/25/19 6:52,2047,2049
6/25/19 6:53,2035,2072
6/25/19 6:54,2075,2070
6/25/19 6:55,2064,2071
6/25/19 6:56,2103,2118
6/25/19 6:57,2105,2107
6/25/19 6:58,2105,2106
6/25/19 6:59,2101,2114
6/25/19 7:00,2120,2135
6/25/19 7:01,2131,2140
6/25/19 7:02,2151,2161
6/25/19 7:03,2158,2159
6/25/19 7:04,2187,2198
6/25/19 7:05,2205,2219
6/25/19 7:06,2224,2223
6/25/19 7:07,2222,2229
6/25/19 7:08,2240,2249
6/25/19 7:09,2239,2246
6/25/19 7:10,2250,2252
6/25/19 7:11,2244,2253
6/25/19 7:12,2250,2252
6/25/19 7:13,2245,2252
6/25/19 7:14,2255,2259
6/25/19 7:15,2239,2252
6/25/19 7:16,2268,2268
6/25/19 7:17,2262,2279
6/25/19 7:18,2295,2291
6/25/19 7:19,2299,2315
6/25/19 7:20,2332,2350
6/25/19 7:21,2345,2387
6/25/19 7:22,2424,2423
6/25/19 7:23,2432,2452
6/25/19 7:24,2530,2533
6/25/19 7:25,2632,2639
6/25/19 7:26,2790,2795
6/25/19 7:27,2865,2878
6/25/19 7:28,2965,2966
6/25/19 7:29,3009,3021
6/25/19 7:30,3011,3010
6/25/19 7:31,3012,3020
6/25/19 7:32,3024,3034
6/25/19 7:33,3008,3023
6/25/19 7:34,3024,3027
6/25/19 7:35,3028,3036
6/25/19 7:36,3023,3058
6/25/19 7:37,3060,3067
6/25/19 7:38,3069,3077
6/25/19 7:39,3062,3067
6/25/19 7:40,3072,3078
6/25/19 7:41,3082,3089
6/25/19 7:42,3071,3096
6/25/19 7:43,3085,3110
6/25/19 7:44,3104,3112
6/25/19 7:45,3099,3117
6/25/19 7:46,3107,3128
6/25/19 7:47,3115,3135
6/25/19 7:48,3102,3122
6/25/19 7:49,3123,3127
6/25/19 7:50,3132,3137
6/25/19 7:51,3119,3123
6/25/19 7:52,3122,3131
6/25/19 7:53,3130,3144
6/25/19 7:54,3125,3143
6/25/19 7:55,3145,3154
6/25/19 7:56,3148,3158
6/25/19 7:57,3138,3168
6/25/19 7:58,3152,3177
6/25/19 7:59,3178,3187
6/25/19 8:00,3168,3178
6/25/19 8:01,3165,3170
6/25/19 8:02,3171,3176
6/25/19 8:03,3163,3167
6/25/19 8:04,3167,3186
6/25/19 8:05,3187,3194
6/25/19 8:06,3183,3186
6/25/19 8:07,3191,3194
6/25/19 8:08,3196,3203
6/25/19 8:09,3188,3196
6/25/19 8:10,3197,3198
6/25/19 8:11,3200,3206
6/25/19 8:12,3191,3200
6/25/19 8:13,3198,3199
6/25/19 8:14,3203,3220
6/25/19 8:15,3207,3216
6/25/19 8:16,3214,3216
6/25/19 8:17,3218,3247
6/25/19 8:18,3211,3243
6/25/19 8:19,3218,3242
6/25/19 8:20,3243,3252
6/25/19 8:21,3238,3246
6/25/19 8:22,3244,3245
6/25/19 8:23,3247,3254
6/25/19 8:24,3240,3248
6/25/19 8:25,3246,3248
6/25/19 8:26,3250,3256
6/25/19 8:27,3243,3266
6/25/19 8:28,3247,3265
6/25/19 8:29,3267,3273
6/25/19 8:30,3261,3268
6/25/19 8:31,3266,3267
6/25/19 8:32,3267,3274
6/25/19 8:33,3261,3268
6/25/19 8:34,3266,3268
6/25/19 8:35,3268,3273
6/25/19 8:36,3260,3268
6/25/19 8:37,3266,3269
6/25/19 8:38,3269,3274
6/25/19 8:39,3261,3267
6/25/19 8:40,3265,3269
6/25/19 8:41,3269,3274
6/25/19 8:42,3261,3268
6/25/19 8:43,3266,3268
6/25/19 8:44,3268,3274
6/25/19 8:45,3261,3268
6/25/19 8:46,3266,3269
6/25/19 8:47,3269,3273
6/25/19 8:48,3261,3269
6/25/19 8:49,3266,3268
6/25/19 8:50,3271,3274
6/25/19 8:51,3264,3268
6/25/19 8:52,3267,3270
6/25/19 8:53,3270,3274
6/25/19 8:54,3265,3271
6/25/19 8:55,3270,3270
6/25/19 8:56,3272,3276
6/25/19 8:57,3265,3269
6/25/19 8:58,3271,3271
6/25/19 8:59,3274,3276
6/25/19 9:00,3266,3272
6/25/19 9:01,3270,955
6/25/19 9:02,3274,961
6/25/19 9:03,3267,967
6/25/19 9:04,3270,1136
6/25/19 9:05,3273,1594
6/25/19 9:06,3267,1594
6/25/19 9:07,3271,1609
6/25/19 9:08,3274,1655
6/25/19 9:09,3267,1654
6/25/19 9:10,3272,1661
6/25/19 9:11,3275,1673
6/25/19 9:12,3267,1671
6/25/19 9:13,3271,1677
6/25/19 9:14,3275,1684
6/25/19 9:15,3268,1681
6/25/19 9:16,3271,1682
6/25/19 9:17,3275,1686
6/25/19 9:18,3268,1686
6/25/19 9:19,3272,1684
6/25/19 9:20,3274,1691
6/25/19 9:21,3268,1688
6/25/19 9:22,3272,1691
6/25/19 9:23,3275,1704
6/25/19 9:24,3267,1713
6/25/19 9:25,3273,1717
6/25/19 9:26,3276,1723
6/25/19 9:27,3270,1720
6/25/19 9:28,3273,1728
6/25/19 9:29,3277,1737
6/25/19 9:30,3270,1740
6/25/19 9:31,3274,1746
6/25/19 9:32,3276,1757
6/25/19 9:33,3270,1755
6/25/19 9:34,3274,1756
6/25/19 9:35,3277,1763
6/25/19 9:36,3269,1772
6/25/19 9:37,3274,1777
6/25/19 9:38,3278,1783
6/25/19 9:39,3272,1779
6/25/19 9:40,3274,1775
6/25/19 9:41,3278,1783
6/25/19 9:42,3272,1779
6/25/19 9:43,3274,1779
6/25/19 9:44,3278,1788
6/25/19 9:45,3272,1783
6/25/19 9:46,3275,1784
6/25/19 9:47,3278,1788
6/25/19 9:48,3272,1785
6/25/19 9:49,3275,1784
6/25/19 9:50,3278,1788
6/25/19 9:51,3272,1785
6/25/19 9:52,3275,1784
6/25/19 9:53,3278,1789
6/25/19 9:54,3272,1785
6/25/19 9:55,3275,1784
6/25/19 9:56,3278,1789
6/25/19 9:57,3272,1784
6/25/19 9:58,3275,1784
6/25/19 9:59,3278,1789
6/25/19 10:00,3272,1789
6/25/19 10:01,3273,1782
6/25/19 10:02,3276,1786
6/25/19 10:03,3270,1783
6/25/19 10:04,3275,1782
6/25/19 10:05,3281,1787
6/25/19 10:06,3275,1783
6/25/19 10:07,3278,1782
6/25/19 10:08,3281,1787
6/25/19 10:09,3275,1783
6/25/19 10:10,3278,1782
6/25/19 10:11,3281,1786
6/25/19 10:12,3276,1783
6/25/19 10:13,3279,1782
6/25/19 10:14,3282,1788
6/25/19 10:15,3285,1784
6/25/19 10:16,3298,1781
6/25/19 10:17,3301,1788
6/25/19 10:18,3295,1784
6/25/19 10:19,3298,1784
6/25/19 10:20,3301,1789
6/25/19 10:21,3295,1785
6/25/19 10:22,3298,1785
6/25/19 10:23,3301,1790
6/25/19 10:24,3295,1786
6/25/19 10:25,3298,1788
6/25/19 10:26,3301,1793
6/25/19 10:27,3295,1790
6/25/19 10:28,3298,1789
6/25/19 10:29,3301,1796
6/25/19 10:30,3295,1792
6/25/19 10:31,3298,1792
6/25/19 10:32,3301,1797
6/25/19 10:33,3295,1794
6/25/19 10:34,3298,1792
6/25/19 10:35,3301,1798
6/25/19 10:36,3295,1794
6/25/19 10:37,3298,1794
6/25/19 10:38,3301,1799
6/25/19 10:39,3303,1796
6/25/19 10:40,3306,1795
6/25/19 10:41,3309,1800
6/25/19 10:42,3303,1796
6/25/19 10:43,3306,1795
6/25/19 10:44,3310,1800
6/25/19 10:45,3304,1796
6/25/19 10:46,3307,1797
6/25/19 10:47,3310,1802
6/25/19 10:48,3304,1798
6/25/19 10:49,3307,1797
6/25/19 10:50,3310,1802
6/25/19 10:51,3304,1798
6/25/19 10:52,3307,1797
6/25/19 10:53,3311,1804
6/25/19 10:54,3305,1800
6/25/19 10:55,3308,1797
6/25/19 10:56,3311,1805
6/25/19 10:57,3305,1806
6/25/19 10:58,3308,1807
6/25/19 10:59,3311,1811
6/25/19 11:00,3305,1808
6/25/19 11:01,3311,1808
6/25/19 11:02,3345,3350
6/25/19 11:03,3339,1707
6/25/19 11:04,3343,1735
6/25/19 11:05,3345,1857
6/25/19 11:06,3339,2913
6/25/19 11:07,3343,3336
6/25/19 11:08,3345,3350
6/25/19 11:09,3339,3346
6/25/19 11:10,3343,3346
6/25/19 11:11,3345,3350
6/25/19 11:12,3339,3346
6/25/19 11:13,3343,3346
6/25/19 11:14,3344,3350
6/25/19 11:15,3339,3346
6/25/19 11:16,3343,3346
6/25/19 11:17,3345,3350
6/25/19 11:18,3339,3346
6/25/19 11:19,3343,3346
6/25/19 11:20,3345,3350
6/25/19 11:21,3339,3346
6/25/19 11:22,3343,3346
6/25/19 11:23,3345,3350
6/25/19 11:24,3339,3346
6/25/19 11:25,3339,3342
6/25/19 11:26,3345,3350
6/25/19 11:27,3339,3346
6/25/19 11:28,3343,3346
6/25/19 11:29,3340,3345
6/25/19 11:30,3334,3341
6/25/19 11:31,3334,3337
6/25/19 11:32,3340,3345
6/25/19 11:33,3334,3341
6/25/19 11:34,3338,3341
6/25/19 11:35,3340,3345
6/25/19 11:36,3334,3341
6/25/19 11:37,3365,3368
6/25/19 11:38,3367,3372
6/25/19 11:39,3387,3394
6/25/19 11:40,3387,3390
6/25/19 11:41,3393,3398
6/25/19 11:42,3387,3394
6/25/19 11:43,3391,3394
6/25/19 11:44,3393,3398
6/25/19 11:45,3387,3394
6/25/19 11:46,3387,3390
6/25/19 11:47,3393,3398
6/25/19 11:48,3387,3394
6/25/19 11:49,3391,3394
6/25/19 11:50,3394,3399
6/25/19 11:51,3388,3395
6/25/19 11:52,3392,3395
6/25/19 11:53,3394,3399
6/25/19 11:54,3388,3395
6/25/19 11:55,3388,3391
6/25/19 11:56,3394,3399
6/25/19 11:57,3388,3395
6/25/19 11:58,3392,3395
6/25/19 11:59,3394,3399
6/25/19 12:00,3388,3395
6/25/19 12:01,3387,3390
6/25/19 12:02,3393,3398
6/25/19 12:03,3387,3394
6/25/19 12:04,3391,3394
6/25/19 12:05,3393,3398
6/25/19 12:06,3387,3394
6/25/19 12:07,3391,3394
6/25/19 12:08,3393,3398
6/25/19 12:09,3387,3394
6/25/19 12:10,3387,3390
6/25/19 12:11,3393,3398
6/25/19 12:12,3387,3394
6/25/19 12:13,3392,3395
6/25/19 12:14,3394,3399
6/25/19 12:15,3390,3397
6/25/19 12:16,3391,3394
6/25/19 12:17,3397,3402
6/25/19 12:18,3391,3398
6/25/19 12:19,3396,3399
6/25/19 12:20,3398,3403
6/25/19 12:21,3392,3399
6/25/19 12:22,3396,3399
6/25/19 12:23,3398,3403
6/25/19 12:24,3392,3399
6/25/19 12:25,3392,3395
6/25/19 12:26,3398,3403
6/25/19 12:27,3392,3399
6/25/19 12:28,3396,3399
6/25/19 12:29,3403,3408
6/25/19 12:30,3397,3404
6/25/19 12:31,3394,3398
6/25/19 12:32,3402,3407
6/25/19 12:33,3397,3404
6/25/19 12:34,3398,3401
6/25/19 12:35,3405,3410
6/25/19 12:36,3399,3406
6/25/19 12:37,3403,3406
6/25/19 12:38,3401,3406
6/25/19 12:39,3399,3406
6/25/19 12:40,3399,3402
6/25/19 12:41,3401,3406
6/25/19 12:42,3399,3406
6/25/19 12:43,3403,3406
6/25/19 12:44,3401,3406
6/25/19 12:45,3399,3406
6/25/19 12:46,3399,3402
6/25/19 12:47,3401,3406
6/25/19 12:48,3399,3406
6/25/19 12:49,3396,3399
6/25/19 12:50,3401,3406
6/25/19 12:51,3399,3406
6/25/19 12:52,3403,3406
6/25/19 12:53,3394,3399
6/25/19 12:54,3399,3406
6/25/19 12:55,3403,3406
6/25/19 12:56,3396,3400
6/25/19 12:57,3399,3407
6/25/19 12:58,3405,3408
6/25/19 12:59,3397,3401
6/25/19 13:00,3401,3430
6/25/19 13:01,3426,3430
6/25/19 13:02,3419,3423
6/25/19 13:03,3444,3451
6/25/19 13:04,3449,3452
6/25/19 13:05,3441,3446
6/25/19 13:06,3447,3454
6/25/19 13:07,3451,3454
6/25/19 13:08,3444,3448
6/25/19 13:09,3447,3455
6/25/19 13:10,3450,3453
6/25/19 13:11,3450,3454
6/25/19 13:12,3455,3462
6/25/19 13:13,3458,3462
6/25/19 13:14,3451,3455
6/25/19 13:15,3455,3462
6/25/19 13:16,3460,3463
6/25/19 13:17,3451,3456
6/25/19 13:18,3456,3468
6/25/19 13:19,3466,3469
6/25/19 13:20,3458,3462
6/25/19 13:21,3462,3470
6/25/19 13:22,3468,3471
6/25/19 13:23,3460,3464
6/25/19 13:24,3464,3471
6/25/19 13:25,3466,3470
6/25/19 13:26,3461,3465
6/25/19 13:27,3465,3472
6/25/19 13:28,3470,3473
6/25/19 13:29,3461,3466
6/25/19 13:30,3466,3473
6/25/19 13:31,3471,3474
6/25/19 13:32,3463,3467
6/25/19 13:33,3466,3474
6/25/19 13:34,3465,3468
6/25/19 13:35,3454,3458
6/25/19 13:36,3456,3464
6/25/19 13:37,3454,3456
6/25/19 13:38,3446,3452
6/25/19 13:39,3450,3456
6/25/19 13:40,3455,3459
6/25/19 13:41,3446,3450
6/25/19 13:42,3448,3456
6/25/19 13:43,3457,3459
6/25/19 13:44,3450,3455
6/25/19 13:45,3449,3456
6/25/19 13:46,3455,3459
6/25/19 13:47,3450,3454
6/25/19 13:48,3450,3458
6/25/19 13:49,3454,3455
6/25/19 13:50,3447,3454
6/25/19 13:51,3451,3457
6/25/19 13:52,3460,3464
6/25/19 13:53,3448,3452
6/25/19 13:54,3452,3459
6/25/19 13:55,3462,3465
6/25/19 13:56,3450,3456
6/25/19 13:57,3457,3463
6/25/19 13:58,3461,3465
6/25/19 13:59,3454,3457
6/25/19 14:00,3456,3465
6/25/19 14:01,3464,3466
6/25/19 14:02,3452,3458
6/25/19 14:03,3462,3467
6/25/19 14:04,3468,3472
6/25/19 14:05,3461,3466
6/25/19 14:06,3464,3471
6/25/19 14:07,3470,3472
6/25/19 14:08,3462,3466
6/25/19 14:09,3468,3473
6/25/19 14:10,3474,3479
6/25/19 14:11,3461,3464
6/25/19 14:12,3465,3474
6/25/19 14:13,3475,3476
6/25/19 14:14,3462,3468
6/25/19 14:15,3469,3476
6/25/19 14:16,3472,3475
6/25/19 14:17,3470,3474
6/25/19 14:18,3468,3477
6/25/19 14:19,3473,3475
6/25/19 14:20,3470,3473
6/25/19 14:21,3469,3478
6/25/19 14:22,3473,3476
6/25/19 14:23,3474,3478
6/25/19 14:24,3465,3473
6/25/19 14:25,3473,3476
6/25/19 14:26,3472,3477
6/25/19 14:27,3469,3477
6/25/19 14:28,3472,3475
6/25/19 14:29,3473,3476
6/25/19 14:30,3468,3477
6/25/19 14:31,3474,3477
6/25/19 14:32,3473,3474
6/25/19 14:33,3467,3476
6/25/19 14:34,3474,3478
6/25/19 14:35,3474,3477
6/25/19 14:36,3468,3475
6/25/19 14:37,3473,3478
6/25/19 14:38,3476,3478
6/25/19 14:39,3469,3478
6/25/19 14:40,3474,3477
6/25/19 14:41,3475,3477
6/25/19 14:42,3469,3478
6/25/19 14:43,3474,3479
6/25/19 14:44,3475,3476
6/25/19 14:45,3469,3477
6/25/19 14:46,3473,3479
6/25/19 14:47,3476,3479
6/25/19 14:48,3470,3475
6/25/19 14:49,3472,3479
6/25/19 14:50,3475,3477
6/25/19 14:51,3471,3478
6/25/19 14:52,3473,3478
6/25/19 14:53,3475,3478
6/25/19 14:54,3471,3477
6/25/19 14:55,3474,3481
6/25/19 14:56,3466,3469
6/25/19 14:57,3434,3444
6/25/19 14:58,3461,3471
6/25/19 14:59,3452,3455
6/25/19 15:00,3435,3445
6/25/19 15:01,3459,3465
6/25/19 15:02,3448,3453
6/25/19 15:03,3437,3445
6/25/19 15:04,3462,3467
6/25/19 15:05,3445,3447
6/25/19 15:06,3432,3444
6/25/19 15:07,3463,3469
6/25/19 15:08,3448,3452
6/25/19 15:09,3430,3440
6/25/19 15:10,3456,3465
6/25/19 15:11,3450,3450
6/25/19 15:12,3431,3444
6/25/19 15:13,3447,3452
6/25/19 15:14,3438,3442
6/25/19 15:15,3433,3441
6/25/19 15:16,3451,3460
6/25/19 15:17,3440,3439
6/25/19 15:18,3426,3435
6/25/19 15:19,3452,3457
6/25/19 15:20,3417,3420
6/25/19 15:21,3400,3409
6/25/19 15:22,3414,3419
6/25/19 15:23,3414,3413
6/25/19 15:24,3397,3406
6/25/19 15:25,3421,3427
6/25/19 15:26,3392,3389
6/25/19 15:27,3362,3372
6/25/19 15:28,3418,3410
6/25/19 15:29,3366,3370
6/25/19 15:30,3351,3357
6/25/19 15:31,3348,3366
6/25/19 15:32,3369,3368
6/25/19 15:33,3360,3368
6/25/19 15:34,3371,3387
6/25/19 15:35,3324,3328
6/25/19 15:36,3366,3374
6/25/19 15:37,3378,3398
6/25/19 15:38,3348,3352
6/25/19 15:39,3332,3335
6/25/19 15:40,3384,3396
6/25/19 15:41,3365,3361
6/25/19 15:42,3351,3356
6/25/19 15:43,3348,3364
6/25/19 15:44,3363,3366
6/25/19 15:45,3361,3366
6/25/19 15:46,3358,3382
6/25/19 15:47,3329,3329
6/25/19 15:48,3362,3363
6/25/19 15:49,3373,3393
6/25/19 15:50,3341,3349
6/25/19 15:51,3344,3345
6/25/19 15:52,3369,3391
6/25/19 15:53,3354,3359
6/25/19 15:54,3353,3359
6/25/19 15:55,3348,3363
6/25/19 15:56,3352,3354
6/25/19 15:57,3360,3362
6/25/19 15:58,3354,3386
6/25/19 15:59,3333,3334
6/25/19 16:00,3368,3359
6/25/19 16:01,3363,3383
6/25/19 16:02,3338,3344
6/25/19 16:03,3335,3332
6/25/19 16:04,3368,3386
6/25/19 16:05,3325,3334
6/25/19 16:06,3346,3352
6/25/19 16:07,3335,3352
6/25/19 16:08,3336,3335
6/25/19 16:09,3357,3354
6/25/19 16:10,3352,3364
6/25/19 16:11,3308,3309
6/25/19 16:12,3363,3356
6/25/19 16:13,3348,3368
6/25/19 16:14,3315,3317
6/25/19 16:15,3337,3337
6/25/19 16:16,3364,3377
6/25/19 16:17,3310,3312
6/25/19 16:18,3350,3354
6/25/19 16:19,3338,3356
6/25/19 16:20,3324,3323
6/25/19 16:21,3354,3355
6/25/19 16:22,3339,3362
6/25/19 16:23,3307,3307
6/25/19 16:24,3362,3359
6/25/19 16:25,3340,3364
6/25/19 16:26,3300,3308
6/25/19 16:27,3349,3352
6/25/19 16:28,3351,3367
6/25/19 16:29,3298,3306
6/25/19 16:30,3346,3352
6/25/19 16:31,3337,3358
6/25/19 16:32,3313,3319
6/25/19 16:33,3347,3349
6/25/19 16:34,3331,3352
6/25/19 16:35,3304,3307
6/25/19 16:36,3363,3358
6/25/19 16:37,3333,3356
6/25/19 16:38,3301,3304
6/25/19 16:39,3352,3350
6/25/19 16:40,3355,3366
6/25/19 16:41,3305,3302
6/25/19 16:42,3348,3350
6/25/19 16:43,3334,3354
6/25/19 16:44,3322,3321
6/25/19 16:45,3350,3348
6/25/19 16:46,3334,3347
6/25/19 16:47,3311,3310
6/25/19 16:48,3363,3362
6/25/19 16:49,3330,3349
6/25/19 16:50,3304,3303
6/25/19 16:51,3357,3353
6/25/19 16:52,3355,3370
6/25/19 16:53,3300,3300
6/25/19 16:54,3347,3348
6/25/19 16:55,3336,3355
6/25/19 16:56,3329,3322
6/25/19 16:57,3347,3350
6/25/19 16:58,3330,3347
6/25/19 16:59,3308,3306
6/25/19 17:00,3366,3365
6/25/19 17:01,3333,3348
6/25/19 17:02,3302,3304
6/25/19 17:03,3343,3346
6/25/19 17:04,3352,3366
6/25/19 17:05,3312,3309
6/25/19 17:06,3346,3343
6/25/19 17:07,3331,3354
6/25/19 17:08,3332,3331
6/25/19 17:09,3355,3353
6/25/19 17:10,3334,3350
6/25/19 17:11,3314,3313
6/25/19 17:12,3370,3367
6/25/19 17:13,3334,3356
6/25/19 17:14,3315,3314
6/25/19 17:15,3356,3357
6/25/19 17:16,3355,3366
6/25/19 17:17,3312,3316
6/25/19 17:18,3352,3351
6/25/19 17:19,3338,3358
6/25/19 17:20,3333,3332
6/25/19 17:21,3356,3352
6/25/19 17:22,3330,3351
6/25/19 17:23,3312,3315
6/25/19 17:24,3373,3366
6/25/19 17:25,3335,3357
6/25/19 17:26,3313,3311
6/25/19 17:27,3353,3353
6/25/19 17:28,3347,3363
6/25/19 17:29,3311,3313
6/25/19 17:30,3351,3350
6/25/19 17:31,3336,3352
6/25/19 17:32,3328,3326
6/25/19 17:33,3351,3354
6/25/19 17:34,3330,3346
6/25/19 17:35,3310,3313
6/25/19 17:36,3370,3361
6/25/19 17:37,3326,3347
6/25/19 17:38,3299,3305
6/25/19 17:39,3351,3346
6/25/19 17:40,3344,3355
6/25/19 17:41,3301,3304
6/25/19 17:42,3341,3344
6/25/19 17:43,3323,3342
6/25/19 17:44,3320,3315
6/25/19 17:45,3346,3345
6/25/19 17:46,3318,3339
6/25/19 17:47,3297,3299
6/25/19 17:48,3366,3356
6/25/19 17:49,3319,3340
6/25/19 17:50,3300,3304
6/25/19 17:51,3343,3339
6/25/19 17:52,3340,3355
6/25/19 17:53,3298,3300
6/25/19 17:54,3338,3341
6/25/19 17:55,3327,3339
6/25/19 17:56,3318,3314
6/25/19 17:57,3342,3346
6/25/19 17:58,3317,3335
6/25/19 17:59,3296,3297
6/25/19 18:00,3367,3357
6/25/19 18:01,3323,3343
6/25/19 18:02,3286,3293
6/25/19 18:03,3336,3328
6/25/19 18:04,3336,3352
6/25/19 18:05,3292,3294
6/25/19 18:06,3333,3331
6/25/19 18:07,3309,3332
6/25/19 18:08,3318,3305
6/25/19 18:09,3332,3336
6/25/19 18:10,3312,3330
6/25/19 18:11,3289,3288
6/25/19 18:12,3356,3347
6/25/19 18:13,3303,3326
6/25/19 18:14,3292,3296
6/25/19 18:15,3332,3320
6/25/19 18:16,3332,3352
6/25/19 18:17,3273,3271
6/25/19 18:18,3321,3322
6/25/19 18:19,3307,3322
6/25/19 18:20,3300,3298
6/25/19 18:21,3310,3305
6/25/19 18:22,3305,3328
6/25/19 18:23,3277,3276
6/25/19 18:24,3343,3327
6/25/19 18:25,3290,3316
6/25/19 18:26,3275,3285
6/25/19 18:27,3319,3302
6/25/19 18:28,3323,3337
6/25/19 18:29,3263,3274
6/25/19 18:30,3319,3311
6/25/19 18:31,3295,3313
6/25/19 18:32,3293,3293
6/25/19 18:33,3308,3302
6/25/19 18:34,3298,3318
6/25/19 18:35,3263,3270
6/25/19 18:36,3338,3316
6/25/19 18:37,3282,3311
6/25/19 18:38,3263,3271
6/25/19 18:39,3317,3303
6/25/19 18:40,3304,3313
6/25/19 18:41,3256,3273
6/25/19 18:42,3318,3307
6/25/19 18:43,3286,3303
6/25/19 18:44,3275,3271
6/25/19 18:45,3308,3309
6/25/19 18:46,3281,3299
6/25/19 18:47,3263,3266
6/25/19 18:48,3327,3303
6/25/19 18:49,3267,3302
6/25/19 18:50,3265,3262
6/25/19 18:51,3310,3302
6/25/19 18:52,3283,3293
6/25/19 18:53,3254,3264
6/25/19 18:54,3295,3291
6/25/19 18:55,3284,3298
6/25/19 18:56,3272,3260
6/25/19 18:57,3281,3292
6/25/19 18:58,3272,3294
6/25/19 18:59,3267,3257
6/25/19 19:00,3300,3286
6/25/19 19:01,3255,3292
6/25/19 19:02,3269,3252
6/25/19 19:03,3282,3287
6/25/19 19:04,3263,3275
6/25/19 19:05,3248,3257
6/25/19 19:06,3293,3280
6/25/19 19:07,3254,3289
6/25/19 19:08,3253,3237
6/25/19 19:09,3273,3288
6/25/19 19:10,3261,3277
6/25/19 19:11,3250,3247
6/25/19 19:12,3283,3269
6/25/19 19:13,3243,3285
6/25/19 19:14,3255,3235
6/25/19 19:15,3277,3284
6/25/19 19:16,3251,3263
6/25/19 19:17,3244,3251
6/25/19 19:18,3283,3268
6/25/19 19:19,3246,3280
6/25/19 19:20,3245,3227
6/25/19 19:21,3277,3285
6/25/19 19:22,3250,3259
6/25/19 19:23,3237,3247
6/25/19 19:24,3273,3260
6/25/19 19:25,3253,3280
6/25/19 19:26,3240,3228
6/25/19 19:27,3271,3282
6/25/19 19:28,3247,3254
6/25/19 19:29,3241,3248
6/25/19 19:30,3272,3259
6/25/19 19:31,3241,3277
6/25/19 19:32,3242,3229
6/25/19 19:33,3269,3278
6/25/19 19:34,3242,3251
6/25/19 19:35,3232,3243
6/25/19 19:36,3263,3258
6/25/19 19:37,3237,3268
6/25/19 19:38,3239,3220
6/25/19 19:39,3255,3271
6/25/19 19:40,3239,3250
6/25/19 19:41,3231,3237
6/25/19 19:42,3260,3249
6/25/19 19:43,3237,3264
6/25/19 19:44,3228,3217
6/25/19 19:45,3265,3274
6/25/19 19:46,3226,3239
6/25/19 19:47,3232,3232
6/25/19 19:48,3259,3255
6/25/19 19:49,3224,3256
6/25/19 19:50,3226,3214
6/25/19 19:51,3260,3273
6/25/19 19:52,3219,3238
6/25/19 19:53,3230,3227
6/25/19 19:54,3257,3253
6/25/19 19:55,3224,3256
6/25/19 19:56,3226,3210
6/25/19 19:57,3254,3265
6/25/19 19:58,3219,3235
6/25/19 19:59,3225,3227
6/25/19 20:00,3249,3247
6/25/19 20:01,3218,3245
6/25/19 20:02,3223,3203
6/25/19 20:03,3242,3255
6/25/19 20:04,3218,3242
6/25/19 20:05,3222,3217
6/25/19 20:06,3246,3248
6/25/19 20:07,3220,3252
6/25/19 20:08,3219,3205
6/25/19 20:09,3244,3253
6/25/19 20:10,3215,3233
6/25/19 20:11,3223,3219
6/25/19 20:12,3239,3247
6/25/19 20:13,3221,3247
6/25/19 20:14,3216,3201
6/25/19 20:15,3236,3249
6/25/19 20:16,3211,3232
6/25/19 20:17,3223,3221
6/25/19 20:18,3234,3234
6/25/19 20:19,3219,3243
6/25/19 20:20,3208,3203
6/25/19 20:21,3230,3241
6/25/19 20:22,3217,3240
6/25/19 20:23,3212,3204
6/25/19 20:24,3227,3230
6/25/19 20:25,3212,3244
6/25/19 20:26,3204,3191
6/25/19 20:27,3229,3232
6/25/19 20:28,3214,3234
6/25/19 20:29,3202,3200
6/25/19 20:30,3220,3214
6/25/19 20:31,3215,3239
6/25/19 20:32,3201,3191
6/25/19 20:33,3215,3225
6/25/19 20:34,3212,3220
6/25/19 20:35,3203,3207
6/25/19 20:36,3213,3209
6/25/19 20:37,3200,3231
6/25/19 20:38,3203,3189
6/25/19 20:39,3214,3220
6/25/19 20:40,3205,3220
6/25/19 20:41,3192,3197
6/25/19 20:42,3208,3205
6/25/19 20:43,3205,3230
6/25/19 20:44,3201,3185
6/25/19 20:45,3188,3215
6/25/19 20:46,3163,3207
6/25/19 20:47,3168,3180
6/25/19 20:48,3170,3167
6/25/19 20:49,3158,3181
6/25/19 20:50,3161,3153
6/25/19 20:51,3165,3180
6/25/19 20:52,3160,3172
6/25/19 20:53,3160,3158
6/25/19 20:54,3161,3159
6/25/19 20:55,3154,3178
6/25/19 20:56,3154,3146
6/25/19 20:57,3151,3162
6/25/19 20:58,3149,3157
6/25/19 20:59,3150,3149
6/25/19 21:00,3144,3149
6/25/19 21:01,3127,3152
6/25/19 21:02,3116,3109
6/25/19 21:03,3115,3128
6/25/19 21:04,3118,3118
6/25/19 21:05,3112,3125
6/25/19 21:06,3025,3025
6/25/19 21:07,2995,3023
6/25/19 21:08,3008,2987
6/25/19 21:09,2990,3010
6/25/19 21:10,2995,3001
6/25/19 21:11,2999,3006
6/25/19 21:12,2997,2989
6/25/19 21:13,2980,3014
6/25/19 21:14,2988,2968
6/25/19 21:15,2978,2993
6/25/19 21:16,2966,2969
6/25/19 21:17,2946,2959
6/25/19 21:18,2952,2940
6/25/19 21:19,2935,2969
6/25/19 21:20,2956,2936
6/25/19 21:21,2934,2958
6/25/19 21:22,2930,2939
6/25/19 21:23,2930,2939
6/25/19 21:24,2928,2914
6/25/19 21:25,2886,2915
6/25/19 21:26,2895,2875
6/25/19 21:27,2882,2899
6/25/19 21:28,2887,2883
6/25/19 21:29,2882,2892
6/25/19 21:30,2886,2880
6/25/19 21:31,2878,2903
6/25/19 21:32,2889,2865
6/25/19 21:33,2866,2892
6/25/19 21:34,2868,2867
6/25/19 21:35,2870,2876
6/25/19 21:36,2850,2833
6/25/19 21:37,2792,2826
6/25/19 21:38,2797,2778
6/25/19 21:39,2728,2750
6/25/19 21:40,2685,2683
6/25/19 21:41,2651,2662
6/25/19 21:42,2617,2619
6/25/19 21:43,2552,2585
6/25/19 21:44,2524,2523
6/25/19 21:45,2439,2475
6/25/19 21:46,2413,2418
6/25/19 21:47,2391,2392
6/25/19 21:48,2345,2360
6/25/19 21:49,2296,2326
6/25/19 21:50,2296,2284
6/25/19 21:51,2270,2287
6/25/19 21:52,2234,2259
6/25/19 21:53,2211,2218
6/25/19 21:54,2209,2208
6/25/19 21:55,2195,2218
6/25/19 21:56,2206,2190
6/25/19 21:57,2169,2188
6/25/19 21:58,2166,2172
6/25/19 21:59,2157,2165
6/25/19 22:00,2167,2161
6/25/19 22:01,2125,2153
6/25/19 22:02,2132,2117
6/25/19 22:03,2134,2147
6/25/19 22:04,2136,2135
6/25/19 22:05,2125,2135
6/25/19 22:06,2190,2185
6/25/19 22:07,2181,2200
6/25/19 22:08,2191,2177
6/25/19 22:09,2189,2205
6/25/19 22:10,2180,2185
6/25/19 22:11,2187,2191
6/25/19 22:12,2192,2186
6/25/19 22:13,2179,2205
6/25/19 22:14,2185,2170
6/25/19 22:15,2180,2196
6/25/19 22:16,2190,2189
6/25/19 22:17,2178,2188
6/25/19 22:18,2187,2184
6/25/19 22:19,2178,2197
6/25/19 22:20,2191,2174
6/25/19 22:21,2180,2195
6/25/19 22:22,2184,2181
6/25/19 22:23,2175,2191
6/25/19 22:24,2191,2175
6/25/19 22:25,2169,2197
6/25/19 22:26,2184,2169
6/25/19 22:27,2174,2194
6/25/19 22:28,2188,2178
6/25/19 22:29,2174,2189
6/25/19 22:30,2177,2169
6/25/19 22:31,2176,2200
6/25/19 22:32,2187,2168
6/25/19 22:33,2171,2193
6/25/19 22:34,2182,2175
6/25/19 22:35,2139,2157
6/25/19 22:36,2134,2120
6/25/19 22:37,2119,2147
6/25/19 22:38,2124,2107
6/25/19 22:39,2120,2136
6/25/19 22:40,2131,2123
6/25/19 22:41,2112,2129
6/25/19 22:42,2128,2118
6/25/19 22:43,2115,2147
6/25/19 22:44,2130,2109
6/25/19 22:45,2114,2131
6/25/19 22:46,2129,2121
6/25/19 22:47,2109,2129
6/25/19 22:48,2137,2116
6/25/19 22:49,2111,2138
6/25/19 22:50,2115,2099
6/25/19 22:51,2113,2134
6/25/19 22:52,2130,2112
6/25/19 22:53,2109,2129
6/25/19 22:54,2121,2108
6/25/19 22:55,2107,2135
6/25/19 22:56,2119,2096
6/25/19 22:57,2117,2139
6/25/19 22:58,2117,2107
6/25/19 22:59,2095,2126
6/25/19 23:00,2130,2100
6/25/19 23:01,2064,2089
6/25/19 23:02,2059,2045
6/25/19 23:03,2069,2084
6/25/19 23:04,2067,2058
6/25/19 23:05,2059,2079
6/25/19 23:06,2063,2053
6/25/19 23:07,2067,2080
6/25/19 23:08,2065,2050
6/25/19 23:09,2065,2082
6/25/19 23:10,2062,2053
6/25/19 23:11,2056,2076
6/25/19 23:12,2070,2053
6/25/19 23:13,2061,2080
6/25/19 23:14,2058,2043
6/25/19 23:15,2064,2082
6/25/19 23:16,2066,2056
6/25/19 23:17,2050,2074
6/25/19 23:18,2056,2047
6/25/19 23:19,2034,2071
6/25/19 23:20,2019,2050
6/25/19 23:21,2016,2059
6/25/19 23:22,2012,2003
6/25/19 23:23,1999,2023
6/25/19 23:24,1999,2004
6/25/19 23:25,1965,2020
6/25/19 23:26,1926,1974
6/25/19 23:27,1909,1983
6/25/19 23:28,1908,1897
6/25/19 23:29,1883,1926
6/25/19 23:30,1873,1886
6/25/19 23:31,1843,1889
6/25/19 23:32,1823,1843
6/25/19 23:33,1823,1847
6/25/19 23:34,1824,1816
6/25/19 23:35,1814,1833
6/25/19 23:36,1807,1813
6/25/19 23:37,1795,1836
6/25/19 23:38,1762,1794
6/25/19 23:39,1769,1788
6/25/19 23:40,1767,1751
6/25/19 23:41,1760,1778
6/25/19 23:42,1763,1754
6/25/19 23:43,1757,1774
6/25/19 23:44,1766,1751
6/25/19 23:45,1766,1778
6/25/19 23:46,1762,1744
6/25/19 23:47,1748,1774
6/25/19 23:48,1741,1741
6/25/19 23:49,1735,1753
6/25/19 23:50,1735,1723
6/25/19 23:51,1733,1750
6/25/19 23:52,1736,1721
6/25/19 23:53,1726,1753
6/25/19 23:54,1737,1721
6/25/19 23:55,1733,1739
6/25/19 23:56,1729,1722
6/25/19 23:57,1731,1745
6/25/19 23:58,1728,1722
6/25/19 23:59,1730,1745