Time,Total,1,2,3,4,5,6,7,8,9,10,11,12,13,14,15,16,17,18,19,20,21,22,23,24,25,26,27,28,29,30,31,32,33,34,35,36,37,38,39,40,41,42,43,44,45,46,47,48,49,50,51,52,53,54,55,56,57,58,59,60,61,62,63,64,65,66,67,68,69,70,71,72,73,74,75,76,77,78,79,80,81,82,83,84,85,86,87,88,89,90,91,92,93,94,95,96,97,98,99,100,101,102,103,104,105,106,107,108,109,110,111,112,113,114,115,116,117,118,119,120,121,122,123,124,125,126,127,128,129,130,131,132,133,134,135,136,137,138,139,140,141,142,143,144,145,146,147
6/25/19 0:00,19070.54378,0.534105409,0,0,0,0.611041239,0.636029142,0.545143704,0.574426218,0.441817049,0.471954213,0.898361834,0.583714774,0.617604491,0.499249163,0.573907664,0.430409313,0.449827892,0.433085533,0.60488888,0.576008857,0.293039507,0.542839743,0.528407127,0,0.515555249,0.526676308,0,0,0,0.460336724,0.426457567,0.39923694,0.547789918,0.549897095,0.854076537,0.722204951,0.516758788,0.285386364,0.474462151,0.567021354,0.486170603,0.47246526,0.536167199,0.475154447,0.48109189,0.473555012,0.271787664,0.505442513,0.271761215,0.505863357,0.566369304,0.307496703,0.028688935,0,0,0,0,0,0.338143857,0.395949718,0.435682584,0.386783682,0.429747544,0.736081394,0.511293585,0.528969929,0.359840467,0.409113992,0.336818671,0.435858606,0.434316672,0.664414446,0.132867917,0.56073432,0.121403422,0.132060656,0.46260236,0.633241345,0.595492151,0.411118501,0.7883699,0.4234902,0.452599298,0,0,0,0.634307428,0,0,0,0,0,0.514489264,0.33502437,0,0,0.590070374,0,0.634850327,0,0,0,0,0,0,0.272616998,0,0,0,0.319956147,0.31598609,0.313166661,0.665590899,0.668002612,0.247269561,0.646463702,0.589887106,0.372702336,0.157274491,0.067711623,0.205330601,0.099075957,0.148754075,0.115791983,0.152127843,0.131764392,0.143031706,0.497405313,0,0,0.46794035,0.475263499,0,0.633517054,0.467754575,0.469721034,0.635272543,0.585099497,0.21293105,0.245439779,0.467062644,0.611181237,0.59807836,0,0.432299432,0.460481776,0.436842295
6/25/19 1:00,15644.67821,0.540557214,0,0,0,0.671124362,0.635550921,0.628122957,0.621613486,0.498548987,0.55681175,0.899709138,0.569743823,0.602414969,0.546665776,0.585425953,0.484395152,0.519611576,0.488614214,0.616733585,0.594879283,0.272639006,0.54243848,0.58325007,0,0.517528919,0.537975294,0,0,0,0.483179792,0.410066518,0.381311796,0.591102823,0.629833739,0.844299378,0.705215728,0.501802262,0.282756173,0.469531886,0.571210052,0.481805863,0.467370422,0.538806284,0.472534979,0.478270241,0.472545001,0.257003596,0.497268953,0.277536228,0.501217274,0.571156305,0.30073907,0.029607804,0,0,0,0,0,0.35267494,0.39421349,0.41447039,0.39936565,0.431770391,0.724546882,0.502706225,0.51376416,0.357691245,0.402604385,0.341580652,0.429091369,0.44738925,0.650224714,0.131374566,0.543738923,0.119919067,0.130535394,0.539219498,0.631662808,0.578276925,0.419432216,0.779861469,0.474861469,0.519398483,0,0,0,0.574754292,0,0,0,0,0,0.583526787,0.324366992,0,0,0.662716904,0,0.701938502,0,0,0,0,0,0,0.252528444,0,0,0,0.297864364,0.29419605,0.291897776,0.683154679,0.684916748,0.23802723,0.741318097,0.677130518,0.371377357,0.121568997,0.065982529,0.165884377,0.111524061,0.142796756,0.119059445,0.14492242,0.137413519,0.154243328,0.49272929,0,0,0.466173177,0.471649562,0,0.616459758,0.44801647,0.538182821,0.61815506,0.57237741,0.208695863,0.245701614,0.432315436,0.708867365,0.664722185,0,0.480653685,0.529376682,0.429122743
6/25/19 2:00,15045.54172,0.533552008,0,0,0,0.678149637,0.62894562,0.641786862,0.623468073,0.50429755,0.554344502,0.69308324,0.555316231,0.58751034,0.548415047,0.574412206,0.486642376,0.51838307,0.48615883,0.621393146,0.586688026,0.253023562,0.537164973,0.590931669,0,0.510639285,0.507088316,0,0,0,0.478631536,0.417721402,0.379981939,0.592285034,0.646729557,0.831393025,0.690153889,0.497406914,0.272711646,0.460998595,0.562099225,0.471025991,0.457455665,0.529431313,0.461092572,0.467033007,0.463403577,0.237980493,0.487368537,0.265395574,0.49096169,0.564700703,0.294430494,0.011530891,0,0,0,0,0,0.342614266,0.38286739,0.39897013,0.379893311,0.420610636,0.713494199,0.489472692,0.50217874,0.347398282,0.393963958,0.33355542,0.42296869,0.442324005,0.635430556,0.11493469,0.530952706,0.104226344,0.114088725,0.543312328,0.612827498,0.560065142,0.382312016,0.769633616,0.482925006,0.516256717,0,0,0,0.460253464,0,0,0,0,0,0.581302017,0.311760834,0,0,0.675243991,0,0.713111854,0,0,0,0,0,0,0.233618145,0,0,0,0.276026495,0.273346675,0.271254547,0.665810858,0.667095574,0.226436707,0.759716632,0.706770494,0.350878819,0.128179364,0.051973384,0.160208046,0.124675619,0.121870236,0.094987668,0.146372783,0.136397703,0.114675026,0.484540941,0,0,0.455277927,0.45212591,0,0.603417304,0.447534651,0.535880121,0.604891647,0.56027076,0.182937609,0.239347802,0.373053114,0.73224495,0.676461191,0,0.479739299,0.528189875,0.401599486
6/25/19 3:00,17097.82596,0.544114103,0,0,0,0.711092365,0.620357344,0.67945208,0.644116995,0.510119915,0.556203756,0.57763273,0.550479091,0.566010161,0.55125313,0.555634314,0.492642593,0.522881358,0.491811198,0.611427961,0.590539521,0.226339609,0.508198124,0.612591473,0,0.4913677,0.510673382,0,0,0,0.463798386,0.39747538,0.382336773,0.613510739,0.673369038,0.811341016,0.669751695,0.4825027,0.247545289,0.454386562,0.55597053,0.455300111,0.443575343,0.522338208,0.445430437,0.456259333,0.453842874,0.220450916,0.470241714,0.25375049,0.482728424,0.563382025,0.274206484,0.001659239,0,0,0,0,0,0.314218552,0.360401404,0.374011373,0.364170752,0.406069079,0.690663804,0.468339892,0.479565152,0.325672701,0.37376704,0.311607907,0.402083604,0.419280372,0.614849143,0.106002795,0.508036677,0.095379087,0.105087745,0.548744295,0.600524465,0.537517582,0.377035336,0.68536309,0.492977772,0.519523549,0,0,0,0.451837301,0,0,0,0,0,0.585161166,0.290497985,0,0,0.708948875,0,0.747164873,0,0,0,0,0,0,0.207733447,0,0,0,0.247256552,0.245801175,0.244015791,0.68343631,0.68292699,0.207292527,0.792081598,0.456646898,0.324565833,0.075015848,0.035823759,0.147635363,0.114263116,0.114146641,0.109990556,0.13481553,0.122330884,0.126469344,0.46219368,0,0,0.440658466,0.44268114,0,0.57947207,0.414677059,0.54129001,0.581059642,0.53560636,0.171369927,0.21149906,0.357730129,0.772501632,0.709703116,0,0.495593139,0.534059565,0.393297509
6/25/19 4:00,22804.96848,0.471107124,0,0,0,0.562398721,0.570423274,0.524716817,0.437800694,0.389723403,0.415485915,0.565507582,0.411248648,0.55976566,0.385915219,0.492680924,0.356344852,0.37073432,0.336613052,0.532156221,0.510022531,0.191643821,0.423888275,0.41953387,0,0.417897101,0.474848107,0,0,0,0.392276623,0.391470486,0.389958062,0.412737123,0.450972091,0.74375963,0.63169201,0.458499842,0.222037474,0.438406177,0.539074721,0.449195571,0.439847108,0.524383319,0.438516145,0.43803773,0.452488767,0.217828205,0.46315683,0.243501019,0.468921076,0.549058121,0.263733205,-0.009904654,0,0,0,0,0,0.27745274,0.333335759,0.358952039,0.324765871,0.378440497,0.687559368,0.437158476,0.472555688,0.292216317,0.351139949,0.271511714,0.380652215,0.386045061,0.610048834,0.097055698,0.498357766,0.087155896,0.096134946,0.385849728,0.508004995,0.434707237,0.343948105,0.537655267,0.378221713,0.390389116,0,0,0,0.409892052,0,0,0,0,0,0.418674497,0.25813184,0,0,0.562119507,0,0.573603494,0,0,0,0,0,0,0.177974476,0,0,0,0.215505221,0.209449928,0.222917847,0.677096432,0.675691885,0.193604766,0.614518528,0.500444995,0.297864076,0.075850851,0.017595427,0.109851562,0.107726823,0.106856854,0.103114659,0.120818639,0.115638708,0.125944562,0.377482019,0,0,0.403001466,0.400415118,0,0.570212896,0.393507445,0.377946687,0.571829482,0.524944894,0.135593942,0.152532279,0.389199368,0.5912548,0.55145108,0,0.344647018,0.369284858,0.36230812
6/25/19 5:00,24454.97626,0.523573025,0,0,0,0.759862046,0.637964607,0.718368694,0.599970095,0.468027869,0.485695545,0.713354848,0.528117574,0.56830034,0.485282237,0.553415323,0.440700146,0.475833361,0.451779906,0.587593995,0.562996432,0.130640928,0.462991753,0.591484993,0,0.439812118,0.55489367,0,0,0,0.359200913,0.423341418,0.393091523,0.580583219,0.630267184,0.797220965,0.656579921,0.480334673,0.300517475,0.456667004,0.567419054,0.46200156,0.446829315,0.55140426,0.453375959,0.458158194,0.466521111,0.296944211,0.476560062,0.345910891,0.485940542,0.582232667,0.293107097,0.091558766,0,0,0,0,0,0.265312228,0.321648673,0.3378826,0.327298094,0.376370604,0.666617093,0.438735037,0.452349131,0.284329225,0.337387807,0.271155364,0.369064033,0.378036637,0.621700057,0.192057418,0.478754615,0.164589296,0.189697162,0.480439171,0.552816074,0.501287236,0.399163964,0.703300813,0.463808737,0.47602721,0,0,0,0.474386927,0,0,0,0,0,0.5199891,0.174600971,0,0,0.737729386,0,0.777132778,0,0,0,0,0,0,0.121819839,0,0,0,0.152907412,0.144164947,0.176902234,0.693893785,0.68732428,0.169078114,0.818895631,0.560983678,0.298374211,0.149850655,0.026462749,0.114674933,0.166640555,0.17091623,0.169197962,0.179620898,0.180856557,0.179659247,0.429825007,0,0,0.397914394,0.403615076,0,0.548978755,0.395342149,0.486773132,0.550520504,0.50323419,0.163140581,0.180332047,0.417461783,0.797265311,0.741819027,0,0.461519443,0.470716503,0.36539768
6/25/19 6:00,32559.68787,0.660489992,0,0,0,1.100276884,0.772369273,0.987086688,0.889216231,0.602574184,0.612299196,0.78933256,0.539848351,0.659397148,0.659683163,0.681966866,0.623854473,0.638213999,0.592745944,0.718924728,0.704703261,0.162603662,0.438310864,0.851849815,0,0.444556806,1.019619513,0,0,0,0.400052586,0.41631308,0.498948208,0.850839222,0.889893043,0.946792852,0.779569042,0.536695565,0.404128111,0.493339957,0.624432827,0.501971176,0.488347077,0.594525012,0.513750532,0.510227768,0.531755114,0.393279117,0.517387441,0.42736644,0.519994544,0.62920105,0.336718912,0.342766517,0,0,0,0,0,0.32016878,0.381088951,0.394775369,0.386603197,0.409347538,0.656584586,0.476834088,0.470593029,0.309139664,0.379905566,0.292513808,0.412351795,0.417495157,0.749206755,0.399705585,0.527647547,0.337957185,0.3363164,0.633053526,0.674771673,0.618957408,0.418586656,0.765009099,0.5669202,0.580571037,0,0,0,0.558311785,0,0,0,0,0,0.717369938,0.197053115,0,0,1.032675034,0,1.058406342,0,0,0,0,0,0,0.175985556,0,0,0,0.191353937,0.180134019,0.203779058,0.738357484,0.732320269,0.297254995,1.093925364,0.701354191,0.342554387,0.286970669,0.084048552,0.137800679,0.121887958,0.130323227,0.171477621,0.165977046,0.173919836,0.162846809,0.403651276,0,0,0.477698161,0.475670406,0,0.60382675,0.463352309,0.669163261,0.605651119,0.503378206,0.156327065,0.17582435,0.537100618,1.03912092,0.99748865,0,0.603442753,0.631888892,0.389747563
6/25/19 7:00,49203.36876,0.407354222,0,0,0,0.747444977,0.576995441,0.692209384,0.595008254,0.457336273,0.447270563,0.617034926,0.463518381,0.486983845,0.449500992,0.434660023,0.431745569,0.442097948,0.394786999,0.473532614,0.459504111,0.212154207,0.339802162,0.582792591,0,0.342838964,0.663726592,0,0,0,0.431568877,0.438199266,0.481819494,0.581452793,0.608835571,0.659694919,0.569828724,0.373659579,0.303179718,0.349928984,0.411757992,0.353650511,0.336877519,0.402785768,0.370000125,0.357691516,0.351946427,0.286343631,0.366175819,0.30676462,0.37437649,0.415695318,0.313224261,0.263622528,0,0,0,0,0,0.276342976,0.295736165,0.277630914,0.298480471,0.326788618,0.452188269,0.368390511,0.328216957,0.260168563,0.305291096,0.251118858,0.327449042,0.326856475,0.529089472,0.316197265,0.349423865,0.278865364,0.276866704,0.435377543,0.435115431,0.471550615,0.421150026,0.590639104,0.411956729,0.42398231,0,0,0,0.496021489,0,0,0,0,0,0.506998312,0.237327356,0,0,0.742858782,0,0.725009942,0,0,0,0,0,0,0.220157806,0,0,0,0.22547713,0.221591091,0.215728251,0.733795437,0.727236498,0.176956855,0.748589017,0.680679824,0.281468585,0.238523345,0.107701846,0.161646955,0.09857715,0.10233527,0.133727316,0.131089552,0.135344845,0.13645248,0.319000826,0,0,0.37716519,0.375874498,0,0.404229177,0.369190149,0.46255299,0.4051892,0.355210187,0.15306941,0.162657133,0.576080569,0.755171796,0.726621489,0,0.410737007,0.426313414,0.321034044
6/25/19 8:00,55364.02212,0.36558029,0,0,0,0.712927729,0.55345221,0.668268091,0.562150217,0.444629236,0.448907791,0.58234509,0.464841709,0.47071415,0.46686562,0.382540629,0.450377024,0.433760758,0.415536203,0.407972007,0.403051191,0.262962938,0.349979758,0.560078575,0,0.351613857,0.583944951,0,0,0,0.462119888,0.467473051,0.530118723,0.565881468,0.610472425,0.627794036,0.534378792,0.380546559,0.315789409,0.355176172,0.388447474,0.344396395,0.335166668,0.387211696,0.369726244,0.35261204,0.357705596,0.317444923,0.374433288,0.320015958,0.381606165,0.401285605,0.344434533,0.27256329,0,0,0,0,0,0.313997174,0.314659069,0.289093318,0.315486874,0.352258739,0.454031729,0.371104533,0.338934896,0.288423794,0.323521909,0.279504985,0.341406202,0.338884034,0.50919121,0.325038358,0.359232677,0.286382444,0.282647131,0.419362818,0.404987565,0.456674665,0.464858945,0.567288826,0.433466599,0.431788586,0,0,0,0.506569042,0,0,0,0,0,0.489887418,0.28881235,0,0,0.717772302,0,0.681200546,0,0,0,0,0,0,0.265919779,0,0,0,0.274480122,0.271667586,0.245234244,0.753743425,0.752461422,0.211559911,0.707220249,0.684616028,0.304319863,0.272975502,0.190180965,0.235548692,0.0575172,0.063521047,0.10345148,0.092750099,0.101456104,0.107911914,0.326596674,0,0,0.388601673,0.38850287,0,0.40022401,0.389595616,0.457534893,0.400083,0.365232454,0.197183914,0.201494274,0.63019718,0.718236295,0.693030074,0,0.419596917,0.435141598,0.342400966
6/25/19 9:00,60167.65657,0.38655554,0,0,0,0.728022115,0.528001611,0.71055795,0.59029439,0.457453977,0.463019325,0.558836027,0.457686887,0.466316093,0.482160059,0.386833861,0.466282223,0.453491696,0.441162862,0.402358295,0.401776438,0.280623768,0.346330623,0.590802973,0,0.351025264,0.598638637,0,0,0,0.474026852,0.476981335,0.480909107,0.593817451,0.636235306,0.595743114,0.524577604,0.379105231,0.323269237,0.358998401,0.392725893,0.344453388,0.353384644,0.385354496,0.372097919,0.358779125,0.360004767,0.327426096,0.385325424,0.32677057,0.381825336,0.401698473,0.353294241,0.21398377,0,0,0,0,0,0.326960446,0.320896728,0.298025034,0.324992962,0.36116834,0.457292243,0.372915889,0.34715912,0.301883394,0.333136048,0.293176761,0.34706951,0.342547195,0.495145994,0.302509062,0.365362887,0.334635643,0.259638934,0.45163893,0.42533757,0.460373475,0.480556934,0.550017438,0.453031944,0.450521593,0,0,0,0.49656316,0,0,0,0,0,0.492988175,0.305832284,0,0,0.7479639,0,0.719643982,0,0,0,0,0,0,0.277136187,0,0,0,0.292934329,0.28954916,0.270668098,0.76667259,0.765541881,0.239341343,0.744485259,0.701249312,0.314957527,0.277073646,0.230239175,0.265091695,-0.003180418,0.023021219,0.040055883,0.0256342,0.033333655,0.041702544,0.316607623,0,0,0.388653974,0.390172376,0,0.403681602,0.393050459,0.474084307,0.40291612,0.374989588,0.203501322,0.213319134,0.6977512,0.745345165,0.71902163,0,0.442934675,0.457192541,0.351814852
6/25/19 10:00,62681.37812,0.374873865,0,0,0,0.728322469,0.491400972,0.698989994,0.584765138,0.456646949,0.462331314,0.524131713,0.430829927,0.440615206,0.473400413,0.384375866,0.456952176,0.454243262,0.438089529,0.387169142,0.383567853,0.26967938,0.315298987,0.587376229,0,0.32319051,0.596562141,0,0,0,0.472091504,0.468093159,0.4621182,0.574587833,0.619223857,0.552709962,0.495659238,0.352079464,0.306470313,0.337557093,0.367917005,0.334936086,0.330303556,0.359943988,0.354607794,0.335787872,0.337548616,0.305426423,0.357505787,0.310724267,0.350331624,0.373049314,0.332222001,0.22375882,0,0,0,0,0,0.307880675,0.299654504,0.266048536,0.304997147,0.339746047,0.41717346,0.349924477,0.317544384,0.285562617,0.315179165,0.276718528,0.327339156,0.320342983,0.457146214,0.312743187,0.326562282,0.342804189,0.279512144,0.450282503,0.419567594,0.438426109,0.474799372,0.517658068,0.448538314,0.448647457,0,0,0,0.464225586,0,0,0,0,0,0.47581557,0.289993471,0,0,0.731841153,0,0.719418016,0,0,0,0,0,0,0.262055944,0,0,0,0.282440587,0.278863935,0.270405993,0.76171292,0.756063818,0.216000293,0.749140262,0.699131494,0.294148874,0.258276751,0.229499679,0.259442062,-0.02585797,-0.022700378,-0.002465692,-0.013827358,-0.011472537,0.001351642,0.286198331,0,0,0.360201202,0.361414078,0,0.364284093,0.364808022,0.464751002,0.363990962,0.342613102,0.190203686,0.200109007,0.717229379,0.747020396,0.718478443,0,0.438981927,0.451540284,0.332128233
6/25/19 11:00,61770.81214,0.379015389,0,0,0,0.729220216,0.484548521,0.708214554,0.588945581,0.467514337,0.472054797,0.558578878,0.429907805,0.439379765,0.475974464,0.391317745,0.46849432,0.464442472,0.448518261,0.382249409,0.383634752,0.276605438,0.307295408,0.593838762,0,0.31984699,0.603843271,0,0,0,0.477830015,0.474595082,0.46249152,0.582616041,0.61286334,0.542971345,0.489157759,0.349623827,0.307958392,0.338417041,0.368996184,0.33463266,0.331873469,0.358072442,0.355893764,0.338720701,0.338259982,0.306068317,0.358535416,0.311600414,0.344417861,0.370534711,0.334947529,0.253489011,0,0,0,0,0,0.315697534,0.299868918,0.258013298,0.306231954,0.339496466,0.400266679,0.347472171,0.310652412,0.288423503,0.316903907,0.279720372,0.328062608,0.320589548,0.448383461,0.341998137,0.314629893,0.35515299,0.308685573,0.460085174,0.430320417,0.443924945,0.487133776,0.506487832,0.457838513,0.461589485,0,0,0,0.467882068,0,0,0,0,0,0.478978296,0.295265683,0,0,0.734882961,0,0.734776897,0,0,0,0,0,0,0.267137524,0,0,0,0.289453257,0.285739887,0.279165482,0.758013568,0.753551564,0.222554733,0.747902182,0.713823905,0.294415105,0.263001921,0.246781288,0.26985754,-0.030026188,-0.022057892,-0.009548881,-0.016609486,-0.018250818,-0.007637755,0.285009504,0,0,0.35936222,0.35834131,0,0.351050843,0.362233122,0.467865279,0.351347305,0.33491823,0.184394631,0.205554405,0.733904112,0.743442251,0.718772652,0,0.45753478,0.461861305,0.333834325
6/25/19 12:00,61789.99935,0.366744004,0,0,0,0.7119666,0.480303082,0.724873034,0.588733642,0.462312981,0.538180191,0.68348752,0.427595407,0.43459521,0.463271926,0.458568866,0.458280571,0.484350568,0.442042013,0.446852636,0.370416437,0.270476286,0.297912825,0.584302587,0,0.313937892,0.600015335,0,0,0,0.473265552,0.469973278,0.474788884,0.596164517,0.608464605,0.530879677,0.478175247,0.338700262,0.305640965,0.329310594,0.363706041,0.325431938,0.323308603,0.350093288,0.343321177,0.333848663,0.329010364,0.301581756,0.345280699,0.308715491,0.333985705,0.36264046,0.331441209,0.196639381,0,0,0,0,0,0.309456382,0.296182465,0.260484413,0.301379356,0.330456713,0.384921926,0.340080748,0.31283417,0.284919777,0.311855843,0.277582822,0.322041134,0.315918185,0.443097046,0.304138363,0.311985607,0.299824281,0.278459852,0.478549492,0.492163125,0.445635649,0.55352399,0.499700236,0.44872346,0.456740918,0,0,0,0.464515463,0,0,0,0,0,0.496618811,0.294200922,0,0,0.730212641,0,0.730090799,0,0,0,0,0,0,0.267405319,0,0,0,0.284333366,0.280145775,0.274555601,0.745488231,0.745713214,0.210532743,0.744034123,0.718172106,0.292163578,0.267214681,0.257299986,0.271875694,-0.037096361,-0.037527452,-0.023774053,-0.025245605,-0.031876481,-0.028592938,0.280519756,0,0,0.347718296,0.347094002,0,0.343078813,0.350247334,0.458265837,0.343608799,0.322483523,0.186529766,0.207851224,0.73263329,0.739522807,0.718375377,0,0.452849281,0.458132034,0.331545902
6/25/19 13:00,58936.60775,0.436667446,0,0,0,0.71971177,0.485617165,0.85885706,0.595341686,0.563799244,0.56687302,0.868673984,0.436990747,0.442984157,0.485974965,0.536739782,0.480731086,0.498660769,0.465939941,0.52285038,0.439246505,0.266972312,0.295638516,0.593146132,0,0.31384061,0.603789221,0,0,0,0.474705563,0.469682812,0.489168854,0.720840417,0.612935125,0.531722759,0.480699592,0.337893218,0.310487902,0.328690865,0.364637199,0.324888287,0.323558726,0.349826722,0.340288441,0.335535463,0.328584654,0.306266759,0.340335692,0.314061115,0.335868039,0.361855131,0.337794587,0.153537922,0,0,0,0,0,0.310307978,0.300823027,0.260618626,0.304440024,0.329050713,0.374500082,0.339754543,0.315402641,0.286408088,0.313626376,0.281723064,0.321689412,0.318247781,0.44956214,0.269106281,0.315425787,0.263751815,0.250232245,0.490873647,0.566182005,0.459814433,0.604877346,0.503740199,0.51067228,0.522612744,0,0,0,0.47165513,0,0,0,0,0,0.507090562,0.291303913,0,0,0.721086286,0,0.814325993,0,0,0,0,0,0,0.268581972,0,0,0,0.283688479,0.279355078,0.273030524,0.748008068,0.75274,0.217475771,0.749309036,0.726392188,0.297472977,0.277861035,0.273122091,0.282070379,-0.045094833,-0.048846186,-0.035087876,-0.030088293,-0.031733354,0.033292183,0.285017647,0,0,0.345491486,0.345603656,0,0.344927601,0.346823131,0.479691166,0.34530656,0.315966536,0.186067856,0.217285231,0.733670033,0.750935988,0.734265688,0,0.477236274,0.482105946,0.332123657
6/25/19 14:00,54338.36907,0.585569322,0,0,0,0.742261967,0.508208695,0.887614763,0.691937326,0.649689472,0.604779462,0.98512853,0.461142685,0.50043248,0.552557785,0.612890827,0.54064016,0.516694598,0.532289766,0.601951811,0.593481349,0.279070718,0.315353092,0.602722965,0,0.321143202,0.621954414,0,0,0,0.489835651,0.481010975,0.531093137,0.726724301,0.624089653,0.592090012,0.543403855,0.34299619,0.323747711,0.336949176,0.374928128,0.33291714,0.332565536,0.360052356,0.343074932,0.346859344,0.336832102,0.315396815,0.345264006,0.323639976,0.348331775,0.374466271,0.360122082,0.232593933,0,0,0,0,0,0.317555109,0.314883765,0.265140153,0.318108429,0.337237148,0.377497773,0.349888856,0.320139081,0.296858633,0.324749784,0.294084541,0.331341585,0.331007822,0.497378758,0.319096828,0.320408198,0.26751989,0.31397565,0.507860073,0.639568481,0.486035931,0.744593505,0.522144369,0.651088002,0.67742395,0,0,0,0.491140122,0,0,0,0,0,0.524230473,0.304642315,0,0,0.845198731,0,0.80954687,0,0,0,0,0,0,0.278488356,0,0,0,0.296930506,0.290546189,0.284358657,0.771641783,0.780858805,0.235805323,0.763379702,0.745596577,0.3177677,0.290616551,0.287382464,0.31093083,0.124237075,0.083448755,0.115555038,0.150389704,0.151674711,0.189886879,0.298312854,0,0,0.352212714,0.352066256,0,0.349812327,0.350551245,0.546750236,0.350377543,0.323475352,0.218677369,0.243124638,0.735027847,0.764275323,0.84680826,0,0.53563532,0.547225676,0.343119543
6/25/19 15:00,50825.06111,0.663225864,0,0,0,0.758272643,0.526002496,0.818397716,0.69384335,0.684400995,0.684833404,1.005736083,0.477922341,0.490796468,0.600464665,0.681707495,0.570344192,0.566264007,0.564939859,0.679893436,0.675636646,0.495156417,0.463156334,0.693172741,0,0.462338321,0.636150134,0,0,0,0.50373186,0.599463883,0.562910447,0.652416451,0.635467439,0.728967269,0.610341965,0.377660711,0.359349443,0.368916993,0.418579313,0.365187661,0.365038704,0.399805045,0.366905165,0.383511348,0.368621474,0.348103632,0.367576333,0.360303141,0.392183257,0.421553635,0.426508756,0.170746027,0,0,0,0,0,0.371406332,0.377933441,0.324401954,0.376511923,0.394632222,0.418513699,0.413481585,0.373249418,0.354388425,0.381617581,0.350546146,0.390774932,0.394016581,0.484006842,0.295641577,0.371232052,0.269586256,0.308530798,0.565788222,0.70980445,0.509029518,0.741822367,0.568636591,0.661862447,0.710336226,0,0,0,0.502680797,0,0,0,0,0,0.58739834,0.408725478,0,0,0.820424754,0,0.782930368,0,0,0,0,0,0,0.499083026,0,0,0,0.51031563,0.50092552,0.499420221,0.785907525,0.81654762,0.31361409,0.778618698,0.759273873,0.385981734,0.297624499,0.289216238,0.338564437,0.192751146,0.200757293,0.197288702,0.241989357,0.221790612,0.245571915,0.43106066,0,0,0.406634375,0.40783468,0,0.405364713,0.40349555,0.592549385,0.405827104,0.375676791,0.319846505,0.336822767,0.752059268,0.7799796,0.866464832,0,0.57369089,0.592553533,0.402113781
6/25/19 16:00,48148.4599,0.707148439,0,0,0,0.868126223,0.531611392,0.853426755,0.646662698,0.744846582,0.685507846,1.012717254,0.504041269,0.632819183,0.655629497,0.688222206,0.611298338,0.596651114,0.592016285,0.692103286,0.734699077,0.60247341,0.629547043,0.644891011,0,0.605035494,0.643343448,0,0,0,0.5117432,0.611053489,0.536446803,0.673791487,0.713152998,0.882156163,0.738499384,0.36700593,0.362820585,0.381202212,0.435634585,0.377819022,0.37782806,0.412650405,0.366010319,0.377569029,0.38086524,0.35298493,0.366808754,0.364175709,0.376982676,0.431658125,0.426034256,0.120393692,0,0,0,0,0,0.382090585,0.356380513,0.511665912,0.382874488,0.40783202,0.663733725,0.428313525,0.572936737,0.369295696,0.354604242,0.365833605,0.376338966,0.412569881,0.63901935,0.273757364,0.594679027,0.263568522,0.304288456,0.573792993,0.700494878,0.544862456,0.683985486,0.645294792,0.720926448,0.779886351,0,0,0,0.526778511,0,0,0,0,0,0.597461438,0.497961567,0,0,0.828470396,0,0.857590749,0,0,0,0,0,0,0.602009561,0,0,0,0.617634994,0.619451726,0.614997404,0.819410064,0.83911179,0.404256617,0.884332932,0.868128698,0.401256993,0.317305437,0.328810889,0.354193784,0.276323161,0.257953777,0.28838779,0.333755406,0.293392887,0.310263713,0.571524775,0,0,0.421041195,0.419736956,0,0.645558747,0.412715524,0.646474661,0.645684245,0.591330323,0.424101104,0.441751949,0.763888557,0.889088291,0.821525595,0,0.616042767,0.630335148,0.397953784
6/25/19 17:00,44637.44606,0.716763697,0,0,0,0.887418181,0.545266498,0.824148895,0.608744338,0.727433244,0.709282003,1.020396894,0.50234468,0.761371861,0.673587375,0.677452526,0.597128444,0.574399158,0.596581025,0.708363798,0.750449566,0.655683155,0.708074947,0.709004852,0,0.677099685,0.645991327,0,0,0,0.514816837,0.527763263,0.525194409,0.615373474,0.687457182,0.950236268,0.839230308,0.519407882,0.383364263,0.498893093,0.516358276,0.496830478,0.492268441,0.519273996,0.485072966,0.498716549,0.4985393,0.367805711,0.48645163,0.38551894,0.520003071,0.519389774,0.367706815,0.089156658,0,0,0,0,0,0.330101552,0.366101831,0.664679022,0.358384898,0.362254724,0.847193104,0.378603869,0.674995471,0.336556363,0.382801822,0.325203575,0.396224038,0.366337846,0.770530181,0.257418448,0.749561452,0.249614697,0.284784839,0.567366927,0.715622112,0.680745451,0.672400732,0.824530494,0.721937605,0.782334547,0,0,0,0.573527803,0,0,0,0,0,0.619447075,0.537481951,0,0,0.869991297,0,0.840889866,0,0,0,0,0,0,0.637831994,0,0,0,0.677444157,0.677285825,0.672287833,0.835573037,0.839637837,0.420631818,0.867095987,0.890317002,0.419702804,0.3219945,0.284854551,0.367805928,0.29054127,0.254322044,0.306807805,0.309570167,0.287506027,0.318990169,0.633527005,0,0,0.370670907,0.368869236,0,0.803646504,0.362812673,0.628305376,0.805674985,0.764470208,0.463879702,0.477171518,0.76485622,0.911258278,0.78446514,0,0.616593869,0.642073814,0.397999993
6/25/19 18:00,42501.82017,0.706668874,0,0,0,0.862052447,0.539638151,0.768249848,0.645559869,0.722328137,0.686614468,1.028994853,0.654554983,0.7795613,0.635858497,0.701957861,0.603024594,0.575292506,0.565151206,0.746513783,0.763729637,0.674920501,0.710969282,0.657716155,0,0.722305533,0.64030596,0,0,0,0.514846289,0.498018848,0.50891074,0.637427376,0.669210934,0.965012035,0.864743798,0.628733469,0.40923666,0.584749082,0.616164242,0.577476806,0.571852823,0.618638849,0.56504874,0.584673751,0.586481761,0.40128597,0.57028473,0.410957961,0.627984817,0.619473652,0.380478203,0.074864496,0,0,0,0,0,0.331958713,0.344814359,0.695096473,0.371593432,0.374972431,0.897301316,0.38651943,0.705090831,0.333927502,0.342894073,0.34046292,0.368846228,0.384006775,0.788107882,0.249456733,0.77995678,0.241872184,0.282671307,0.611963096,0.742115936,0.759992062,0.641406455,0.869669347,0.724971749,0.77570718,0,0,0,0.701407677,0,0,0,0,0,0.653297919,0.534734662,0,0,0.873873764,0,0.775210126,0,0,0,0,0,0,0.634944419,0,0,0,0.712763427,0.698389761,0.693335767,0.831202101,0.827980917,0.416502673,0.802345519,0.971634952,0.373552708,0.308410147,0.245026214,0.363901626,0.253498853,0.263821161,0.305785188,0.293628968,0.233740792,0.315735937,0.632173273,0,0,0.385402735,0.383078428,0,0.868944902,0.386917042,0.639156394,0.870700945,0.803080603,0.478539495,0.480930942,0.754042442,0.996263923,0.824598286,0,0.577835821,0.592333109,0.375108137
6/25/19 19:00,38922.72913,0.696661994,0,0,0,0.81326219,0.536147425,0.781308374,0.648132631,0.687521035,0.670765158,1.015122544,0.699274581,0.753019742,0.631966756,0.678253175,0.563852169,0.523010901,0.534671457,0.734218984,0.733451405,0.648616489,0.679473802,0.624003452,0,0.706931257,0.610883456,0,0,0,0.494963749,0.467565566,0.496470697,0.563335935,0.624652164,0.945386666,0.85602148,0.659406303,0.381644701,0.606656574,0.641213293,0.591708173,0.583377767,0.632037443,0.577990117,0.576713708,0.605450928,0.346482467,0.58488669,0.404179531,0.645127892,0.622647517,0.379647684,0.062227343,0,0,0,0,0,0.410471503,0.44019328,0.628206386,0.440561148,0.468026556,0.874798923,0.49981765,0.685707311,0.445530719,0.429253066,0.398531406,0.450750238,0.455583461,0.771336647,0.233384557,0.734851327,0.222882929,0.263190649,0.597684997,0.726398072,0.779428068,0.608428321,0.86460166,0.64915262,0.731938666,0,0,0,0.716577229,0,0,0,0,0,0.618553124,0.505619238,0,0,0.84154227,0,0.795794474,0,0,0,0,0,0,0.596484512,0,0,0,0.688241844,0.673357896,0.665956493,0.805120807,0.801531931,0.376293089,0.820880013,0.853537693,0.49098655,0.305869852,0.25204988,0.348335554,0.239589862,0.216416737,0.293596855,0.260492688,0.237688267,0.288962466,0.614355951,0,0,0.492490868,0.486687814,0,0.835469838,0.481746038,0.644304142,0.836050448,0.7685637,0.448721463,0.430196872,0.720789524,0.87703086,0.817666439,0,0.577827827,0.583321801,0.484589586
6/25/19 20:00,39239.7142,0.619864187,0,0,0,0.771176967,0.504236162,0.708859505,0.547084206,0.62104073,0.60433859,0.946254683,0.677600033,0.704716441,0.587227646,0.618714275,0.530665696,0.489894013,0.458657732,0.661966605,0.673356578,0.526621664,0.604587405,0.610413145,0,0.654021068,0.575348205,0,0,0,0.460109067,0.448726471,0.452380725,0.550495601,0.600144549,0.893987027,0.822538105,0.59498878,0.338323111,0.561601759,0.613544541,0.555695819,0.546897585,0.608260845,0.549551312,0.549336591,0.562022694,0.319258831,0.556399555,0.364070106,0.580992769,0.601880909,0.328753964,0.04078824,0,0,0,0,0,0.452039448,0.481658818,0.553004978,0.4711574,0.504514594,0.797587383,0.550495517,0.638934411,0.46668785,0.491670196,0.436012404,0.507970091,0.504899514,0.730565945,0.183092534,0.659080105,0.171307218,0.191479599,0.542659921,0.687673652,0.716208924,0.553868969,0.817925286,0.616055553,0.638252033,0,0,0,0.704085753,0,0,0,0,0,0.564728323,0.450335405,0,0,0.759106291,0,0.782619363,0,0,0,0,0,0,0.489383274,0,0,0,0.559486369,0.550209855,0.54489009,0.745283832,0.744739252,0.314437342,0.814206212,0.774797646,0.487609224,0.253732953,0.186919569,0.329415688,0.194728416,0.175846056,0.20068035,0.218449279,0.185125292,0.197655512,0.564338474,0,0,0.528925755,0.527423272,0,0.733263828,0.520009728,0.543281068,0.736233333,0.681288529,0.340727031,0.346371286,0.669515137,0.794842896,0.740918146,0,0.542424732,0.536240495,0.52081556
6/25/19 21:00,34293.10887,0.583702703,0,0,0,0.682431308,0.484416256,0.711851137,0.497923506,0.552602274,0.560033699,0.901700906,0.64949966,0.680665251,0.549210607,0.600792207,0.472507835,0.485246203,0.41710895,0.635846565,0.621533716,0.461261554,0.590808766,0.590354327,0,0.622111276,0.528969187,0,0,0,0.444934068,0.439119877,0.43653591,0.507060483,0.499394155,0.873367818,0.785223329,0.548375041,0.287654268,0.520788068,0.594112407,0.516892027,0.505409903,0.584506571,0.514083401,0.519111511,0.521591167,0.283040574,0.521432981,0.326324526,0.544965184,0.568418079,0.315612095,0.028227661,0,0,0,0,0,0.430226078,0.453349536,0.500856948,0.443082374,0.47754276,0.777941658,0.535789166,0.604144348,0.426768534,0.483357119,0.405277086,0.494512108,0.476947658,0.721807501,0.157618231,0.625279202,0.145599249,0.162284545,0.525249902,0.656448779,0.665897801,0.501436022,0.803074,0.502688711,0.562005525,0,0,0,0.694337648,0,0,0,0,0,0.527956417,0.421088894,0,0,0.68237625,0,0.738706858,0,0,0,0,0,0,0.429999465,0,0,0,0.490167351,0.484394736,0.479647337,0.704066836,0.702991579,0.285293696,0.771827751,0.695615201,0.458262642,0.241363379,0.167460661,0.3125647,0.139502613,0.162082394,0.178040493,0.165725317,0.160486481,0.181313163,0.550413952,0,0,0.495674534,0.49530971,0,0.702823662,0.486005118,0.488796016,0.703886339,0.643281578,0.297920899,0.307246708,0.58953256,0.74498135,0.582492955,0,0.50158094,0.479960104,0.486531893
6/25/19 22:00,28727.61556,0.504262659,0,0,0,0.622123783,0.498042292,0.579207949,0.423884643,0.510759146,0.538400667,0.877661282,0.624589891,0.651279413,0.464322936,0.567698488,0.431861471,0.442406215,0.372732761,0.57977142,0.548804765,0.413921482,0.578117045,0.489965472,0,0.591647462,0.481819958,0,0,0,0.432972429,0.433494202,0.425972493,0.410856205,0.4649322,0.86525307,0.757640244,0.543317477,0.302208006,0.510834103,0.565821475,0.511232648,0.5003952,0.572389742,0.505780756,0.506232348,0.512053712,0.283808163,0.513273693,0.287903278,0.532982708,0.58012886,0.290452288,0.010337621,0,0,0,0,0,0.406978383,0.4281844,0.49198354,0.417746872,0.449698376,0.76454119,0.512454083,0.58089608,0.392805931,0.461545759,0.380932277,0.475236576,0.457241803,0.702602775,0.129894453,0.600397177,0.119363217,0.132839499,0.450595869,0.594582249,0.649700357,0.455775412,0.815088382,0.468898035,0.504148458,0,0,0,0.667743167,0,0,0,0,0,0.476270329,0.398119269,0,0,0.571623836,0,0.619809828,0,0,0,0,0,0,0.385180038,0,0,0,0.439042054,0.435449701,0.430971857,0.650164753,0.650813342,0.254984525,0.623554072,0.61404337,0.429406906,0.202917069,0.14284062,0.272843833,0.131651201,0.155791107,0.125138457,0.145065128,0.14072101,0.164574427,0.532236523,0,0,0.479685503,0.482547083,0,0.683705947,0.469367436,0.423560658,0.684407475,0.614770763,0.259715893,0.276010231,0.5285551,0.684607355,0.560907079,0,0.42642564,0.440446672,0.467374312
6/25/19 23:00,27545.73773,0.478437782,0,0,0,0.527087518,0.516505932,0.523777171,0.390121005,0.463055153,0.479534209,0.860157784,0.611643886,0.645167061,0.404647691,0.51094263,0.373256138,0.415032253,0.340178758,0.550352417,0.512465445,0.38131367,0.577060905,0.434748046,0,0.576961919,0.451927187,0,0,0,0.416771964,0.42440661,0.410445972,0.380123577,0.393014616,0.855047882,0.74368532,0.530165762,0.289691732,0.492202772,0.575141667,0.495829654,0.484125021,0.556638556,0.495438506,0.498430476,0.500739787,0.272594501,0.502734401,0.300245568,0.520764445,0.556377703,0.296079457,-0.003650888,0,0,0,0,0,0.38312929,0.430246545,0.475280473,0.389857835,0.44900328,0.752176526,0.507633555,0.5682021,0.384857677,0.453804746,0.354933763,0.462141873,0.451730125,0.685791172,0.110305952,0.589038411,0.10033167,0.112456775,0.396054953,0.583329238,0.635154605,0.423434934,0.811363017,0.43567627,0.461705861,0,0,0,0.650988126,0,0,0,0,0,0.452843549,0.38592558,0,0,0.525047084,0,0.562660503,0,0,0,0,0,0,0.35425566,0,0,0,0.403405463,0.401945045,0.397735035,0.617391414,0.619916045,0.242723674,0.588609158,0.577996561,0.400790404,0.16506757,0.120202723,0.214853079,0.096652145,0.155852465,0.120175038,0.158692194,0.141103142,0.132955392,0.528621581,0,0,0.453525956,0.473133217,0,0.666677773,0.462523141,0.392654699,0.667253818,0.611370964,0.243557449,0.262405496,0.487494576,0.5785521,0.497486726,0,0.37085275,0.408782321,0.45977219